{
  "cfd": "XAUUSD",
  "etfSym": "GLD",
  "buckets": {
    "1_mid": {
      "mean": 8.274909932313424,
      "median": 7.69646934506824,
      "std": 1.5688317610087927,
      "count": 788,
      "p25": 7.371347318166708,
      "p75": 9.369508244533812
    },
    "2_mid": {
      "mean": 8.278573121642557,
      "median": 7.6966736815376615,
      "std": 1.5737943988558694,
      "count": 788,
      "p25": 7.363854980954591,
      "p75": 9.375638338616453
    },
    "3_mid": {
      "mean": 8.278534023420763,
      "median": 7.691156596863285,
      "std": 1.5739327225628188,
      "count": 788,
      "p25": 7.366647579370017,
      "p75": 9.38256307452462
    },
    "4_mid": {
      "mean": 8.278278141838,
      "median": 7.67762498177716,
      "std": 1.5737016318392012,
      "count": 788,
      "p25": 7.335633844122287,
      "p75": 9.387376333582102
    },
    "5_mid": {
      "mean": 8.277509027665037,
      "median": 7.676012994073947,
      "std": 1.5731952884217892,
      "count": 788,
      "p25": 7.330094055395753,
      "p75": 9.360926112818117
    },
    "6_mid": {
      "mean": 8.27895335689172,
      "median": 7.67072294992115,
      "std": 1.5760853394202425,
      "count": 788,
      "p25": 7.331047625586386,
      "p75": 9.396934739540589
    },
    "7_mid": {
      "mean": 8.280462311992745,
      "median": 7.670836470181939,
      "std": 1.5781246637698787,
      "count": 788,
      "p25": 7.320876210219634,
      "p75": 9.374843696790924
    },
    "8_mid": {
      "mean": 8.281045760033605,
      "median": 7.6704277972430965,
      "std": 1.5775109215069887,
      "count": 788,
      "p25": 7.32201141282753,
      "p75": 9.387921230833891
    },
    "9_mid": {
      "mean": 8.282830246671162,
      "median": 7.666976781315092,
      "std": 1.5785855342124273,
      "count": 788,
      "p25": 7.335315987392076,
      "p75": 9.37918017075309
    },
    "10_mid": {
      "mean": 8.283833662052455,
      "median": 7.6670221894194075,
      "std": 1.5776482143554609,
      "count": 788,
      "p25": 7.335179763079129,
      "p75": 9.383425828506622
    },
    "11_mid": {
      "mean": 8.282634899623423,
      "median": 7.661232656119135,
      "std": 1.5730716054585459,
      "count": 788,
      "p25": 7.343239701595193,
      "p75": 9.369916917472654
    },
    "12_mid": {
      "mean": 8.282978975500157,
      "median": 7.6701780526693595,
      "std": 1.5739381894946598,
      "count": 788,
      "p25": 7.344760873089775,
      "p75": 9.371574313280183
    },
    "13_mid": {
      "mean": 8.284691719637877,
      "median": 7.679191561376057,
      "std": 1.5754779445854605,
      "count": 788,
      "p25": 7.345555514915302,
      "p75": 9.379611547744089
    },
    "14_mid": {
      "mean": 8.284448630693657,
      "median": 7.678033654716002,
      "std": 1.576501709248305,
      "count": 788,
      "p25": 7.353615453431367,
      "p75": 9.347757762566516
    },
    "15_mid": {
      "mean": 8.28444214793763,
      "median": 7.690203026672652,
      "std": 1.575650922297847,
      "count": 788,
      "p25": 7.3482800011742535,
      "p75": 9.366829166379176
    },
    "16_mid": {
      "mean": 8.285826922245773,
      "median": 7.689340272690651,
      "std": 1.5763295668058743,
      "count": 788,
      "p25": 7.349483315938623,
      "p75": 9.377568183049878
    },
    "17_mid": {
      "mean": 8.281472037256536,
      "median": 7.691633381958602,
      "std": 1.5657136318489242,
      "count": 788,
      "p25": 7.344738169037616,
      "p75": 9.361970499217378
    },
    "18_mid": {
      "mean": 8.285289861925701,
      "median": 7.695720111347028,
      "std": 1.5698386219543123,
      "count": 788,
      "p25": 7.354069534474525,
      "p75": 9.369644468846758
    },
    "19_mid": {
      "mean": 8.28477631240074,
      "median": 7.694811949260711,
      "std": 1.5690924905250356,
      "count": 788,
      "p25": 7.336927975095289,
      "p75": 9.373413341504977
    },
    "20_mid": {
      "mean": 8.285490982250767,
      "median": 7.693358889922604,
      "std": 1.5681745029315135,
      "count": 785,
      "p25": 7.323623400530743,
      "p75": 9.340537873980296
    },
    "21_mid": {
      "mean": 8.284972297095422,
      "median": 7.694539500634816,
      "std": 1.5708117058567201,
      "count": 778,
      "p25": 7.3290269649443305,
      "p75": 9.345737101924461
    },
    "22_mid": {
      "mean": 8.280209158824361,
      "median": 7.684799462259065,
      "std": 1.574902714052128,
      "count": 764,
      "p25": 7.342921844864982,
      "p75": 9.33216007873402
    },
    "23_mid": {
      "mean": 8.280654829858667,
      "median": 7.684822166311223,
      "std": 1.5765880594290254,
      "count": 764,
      "p25": 7.346055004062777,
      "p75": 9.336814409426394
    },
    "1_low": {
      "mean": 8.649085762795844,
      "median": 8.263866312547025,
      "std": 1.3189008810977352,
      "count": 112,
      "p25": 7.621750309416498,
      "p75": 9.9039843363836
    },
    "2_low": {
      "mean": 8.652407041282942,
      "median": 8.26863416350019,
      "std": 1.321788501892052,
      "count": 112,
      "p25": 7.614689349195382,
      "p75": 9.939720514480179
    },
    "3_low": {
      "mean": 8.660902411085033,
      "median": 8.273288494192563,
      "std": 1.3222686749499495,
      "count": 112,
      "p25": 7.639459470099683,
      "p75": 9.980860256990344
    },
    "4_low": {
      "mean": 8.664323627944583,
      "median": 8.277466039789623,
      "std": 1.3240572017805818,
      "count": 112,
      "p25": 7.6335337124864635,
      "p75": 9.976818935706234
    },
    "5_low": {
      "mean": 8.66457195351506,
      "median": 8.280985167874102,
      "std": 1.3245451404792483,
      "count": 112,
      "p25": 7.630105400610615,
      "p75": 9.98966942922762
    },
    "6_low": {
      "mean": 8.663822111649592,
      "median": 8.287001741695953,
      "std": 1.32603120978916,
      "count": 112,
      "p25": 7.6226130633985,
      "p75": 9.989692133279778
    },
    "7_low": {
      "mean": 8.663965228264091,
      "median": 8.29460759916886,
      "std": 1.3243467027640299,
      "count": 112,
      "p25": 7.625133213188029,
      "p75": 10.000771710732847
    },
    "8_low": {
      "mean": 8.66198835400834,
      "median": 8.293404284404488,
      "std": 1.3244511534786199,
      "count": 112,
      "p25": 7.621046483799603,
      "p75": 10.034237483613634
    },
    "9_low": {
      "mean": 8.664457216965761,
      "median": 8.285684906670793,
      "std": 1.324805950677382,
      "count": 112,
      "p25": 7.6217049013121825,
      "p75": 10.03494130923053
    },
    "10_low": {
      "mean": 8.664298896744912,
      "median": 8.283437205507159,
      "std": 1.3248459838950808,
      "count": 112,
      "p25": 7.618866894792442,
      "p75": 10.044931092180018
    },
    "11_low": {
      "mean": 8.663626491914483,
      "median": 8.266795135275396,
      "std": 1.3258759995642713,
      "count": 112,
      "p25": 7.605062831080422,
      "p75": 10.058757859944196
    },
    "12_low": {
      "mean": 8.663496349044076,
      "median": 8.263503047712497,
      "std": 1.3252366302886163,
      "count": 112,
      "p25": 7.616937050359018,
      "p75": 10.065319331017838
    },
    "13_low": {
      "mean": 8.661722797683995,
      "median": 8.28241552316005,
      "std": 1.3243341699160023,
      "count": 112,
      "p25": 7.615120726186383,
      "p75": 10.029197184034572
    },
    "14_low": {
      "mean": 8.662128632616316,
      "median": 8.280099709839941,
      "std": 1.325673513164284,
      "count": 112,
      "p25": 7.615370470760121,
      "p75": 10.012509705698497
    },
    "15_low": {
      "mean": 8.661661577829069,
      "median": 8.262072692426548,
      "std": 1.3265250745021355,
      "count": 112,
      "p25": 7.60737864440053,
      "p75": 10.032307639180209
    },
    "16_low": {
      "mean": 8.658443481150435,
      "median": 8.284436183802107,