{
  "cfd": "US30",
  "etfSym": "DIA",
  "buckets": {
    "1_mid": {
      "mean": 93.76425000830727,
      "median": 92.69288897655619,
      "std": 4.843131701566295,
      "count": 788,
      "p25": 89.95336641739475,
      "p75": 97.8799467175656
    },
    "2_mid": {
      "mean": 93.76890260622717,
      "median": 92.6823650498827,
      "std": 4.838073555813087,
      "count": 788,
      "p25": 89.9605887200138,
      "p75": 97.94494744113715
    },
    "3_mid": {
      "mean": 93.76509400690553,
      "median": 92.65450759692347,
      "std": 4.834665495293963,
      "count": 788,
      "p25": 89.87288933106807,
      "p75": 97.93566162348407
    },
    "4_mid": {
      "mean": 93.76008100592085,
      "median": 92.63841217965812,
      "std": 4.837161628948655,
      "count": 787,
      "p25": 89.93004869751034,
      "p75": 97.92843932086501
    },
    "5_mid": {
      "mean": 93.7446317945914,
      "median": 92.63036447102546,
      "std": 4.838464668700433,
      "count": 784,
      "p25": 89.94242978771445,
      "p75": 97.88675631717787
    },
    "6_mid": {
      "mean": 93.75577432906591,
      "median": 92.65450759692347,
      "std": 4.839308297868493,
      "count": 786,
      "p25": 89.95687439295257,
      "p75": 97.89893105587858
    },
    "7_mid": {
      "mean": 93.7434018448779,
      "median": 92.66998395967859,
      "std": 4.839992047455243,
      "count": 784,
      "p25": 89.97544602825873,
      "p75": 97.84899399205534
    },
    "8_mid": {
      "mean": 93.74167917830933,
      "median": 92.67204747471261,
      "std": 4.8332869623143635,
      "count": 784,
      "p25": 89.99917645114992,
      "p75": 97.84816858604174
    },
    "9_mid": {
      "mean": 93.74649448539434,
      "median": 92.66626963261736,
      "std": 4.832922793624259,
      "count": 784,
      "p25": 89.9473822237961,
      "p75": 97.76542163317764
    },
    "10_mid": {
      "mean": 93.75711685015746,
      "median": 92.62231676239278,
      "std": 4.827636970731075,
      "count": 784,
      "p25": 89.89909597200008,
      "p75": 97.7264211990347
    },
    "11_mid": {
      "mean": 93.77456150455562,
      "median": 92.67720626229766,
      "std": 4.821349012272977,
      "count": 786,
      "p25": 90.13413033437466,
      "p75": 97.7837869169804
    },
    "12_mid": {
      "mean": 93.7649126730903,
      "median": 92.68092058935888,
      "std": 4.815269261636344,
      "count": 784,
      "p25": 90.14382885503454,
      "p75": 97.74788175538849
    },
    "13_mid": {
      "mean": 93.76833675850033,
      "median": 92.60807850865808,
      "std": 4.815772356231885,
      "count": 785,
      "p25": 90.20263903350404,
      "p75": 97.75881838506879
    },
    "14_mid": {
      "mean": 93.76806153553972,
      "median": 92.63242798605947,
      "std": 4.8111471575573,
      "count": 785,
      "p25": 90.14547966706176,
      "p75": 97.7852313775042
    },
    "15_mid": {
      "mean": 93.77678674036082,
      "median": 92.66461882059014,
      "std": 4.806165022829366,
      "count": 786,
      "p25": 90.0196052499867,
      "p75": 97.79348543764027
    },
    "16_mid": {
      "mean": 93.81229449128477,
      "median": 92.61241189022951,
      "std": 4.818187668404687,
      "count": 787,
      "p25": 90.09492354872833,
      "p75": 97.85291467061998
    },
    "17_mid": {
      "mean": 93.85665934145916,
      "median": 92.57134794105257,
      "std": 4.810249408115248,
      "count": 784,
      "p25": 90.28517963486473,
      "p75": 97.85910521572204
    },
    "18_mid": {
      "mean": 93.86191314548898,
      "median": 92.61447540526352,
      "std": 4.818075329775782,
      "count": 784,
      "p25": 90.38484741100777,
      "p75": 97.87581968749757
    },
    "19_mid": {
      "mean": 93.86048631959633,
      "median": 92.62582473795062,
      "std": 4.808260476800892,
      "count": 784,
      "p25": 90.48781681120525,
      "p75": 97.94907447120518
    },
    "20_mid": {
      "mean": 93.8213853224184,
      "median": 92.53833170050828,
      "std": 4.810036148840837,
      "count": 763,
      "p25": 90.04189121235407,
      "p75": 97.79286638313008
    },
    "21_mid": {
      "mean": 93.8336246530162,
      "median": 92.54266508207972,
      "std": 4.832601485026995,
      "count": 756,
      "p25": 89.99958915415672,
      "p75": 97.87685144501458
    },
    "22_mid": {
      "mean": 93.85049006709521,
      "median": 92.51274411408646,
      "std": 4.829962950132483,
      "count": 756,
      "p25": 90.05798662961942,
      "p75": 97.82939059923218
    },
    "23_mid": {
      "mean": 93.85685311768673,
      "median": 92.55752239032465,
      "std": 4.812703674433959,
      "count": 756,
      "p25": 90.29797342807565,
      "p75": 97.82485086615735
    },
    "1_low": {
      "mean": 96.20768703096692,
      "median": 95.18417067712532,
      "std": 3.674969531917488,
      "count": 112,
      "p25": 92.68030153484868,
      "p75": 99.83925424236509
    },
    "2_low": {
      "mean": 96.20709377039464,
      "median": 95.18561513764915,
      "std": 3.6623948766480137,
      "count": 112,
      "p25": 92.7675882207876,
      "p75": 99.80149191724257
    },
    "3_low": {
      "mean": 96.19536489833521,
      "median": 95.1907739252342,
      "std": 3.656827387564014,
      "count": 112,
      "p25": 92.75417537306649,
      "p75": 99.77507892480715
    },
    "4_low": {
      "mean": 96.19684620734178,
      "median": 95.12432874113883,
      "std": 3.64807833045097,
      "count": 112,
      "p25": 92.72776238063108,
      "p75": 99.80438083829019
    },
    "5_low": {
      "mean": 96.18969023199165,
      "median": 95.13464631630892,
      "std": 3.6388993719620735,
      "count": 112,
      "p25": 92.76242943320257,
      "p75": 99.78312663343982
    },
    "6_low": {
      "mean": 96.19052853497423,
      "median": 95.16291647227496,
      "std": 3.639728358252063,
      "count": 112,
      "p25": 92.74323874338621,
      "p75": 99.78704731200445
    },
    "7_low": {
      "mean": 96.18059049917652,
      "median": 95.17426580496206,
      "std": 3.628291646624301,
      "count": 112,
      "p25": 92.74385779789641,
      "p75": 99.80149191724257
    },
    "8_low": {
      "mean": 96.17090671790969,
      "median": 95.1810754045743,
      "std": 3.6380693681081415,
      "count": 112,
      "p25": 92.69784141263783,
      "p75": 99.79963475371196
    },
    "9_low": {
      "mean": 96.15828611256768,
      "median": 95.05499463599584,
      "std": 3.644331169058807,
      "count": 112,
      "p25": 92.61633256879415,
      "p75": 99.8186190920249
    },
    "10_low": {
      "mean": 96.156721894475,
      "median": 95.02197839545157,
      "std": 3.6384325453568005,
      "count": 112,
      "p25": 92.59425295793015,
      "p75": 99.85514330812703
    },
    "11_low": {
      "mean": 96.1802588628317,
      "median": 94.93324724898882,
      "std": 3.6440661282073465,
      "count": 112,
      "p25": 92.67947612883508,
      "p75": 99.83430180628343
    },
    "12_low": {
      "mean": 96.18377973535848,
      "median": 94.98277160980524,
      "std": 3.651114064249852,
      "count": 112,
      "p25": 92.69268262505278,
      "p75": 99.81490476496369
    },
    "13_low": {
      "mean": 96.17579466914644,
      "median": 94.9652317320161,
      "std": 3.6477210796152835,
      "count": 112,
      "p25": 92.7190956174882,
      "p75": 99.81201584391606
    },
    "14_low": {
      "mean": 96.17801663265637,
      "median": 94.94150130912489,
      "std": 3.658676752461493,
      "count": 112,
      "p25": 92.71496858742016,
      "p75": 99.76723756767787
    },
    "15_low": {
      "mean": 96.18868611083671,
      "median": 94.93943779409088,
      "std": 3.6503974298329713,
      "count": 112,
      "p25": 92.69392073407319,
      "p75": 99.77466622180035
    },
    "16_low": {
      "mean": 96.25430036164605,
      "median": 94.9198344012677,
      "std": 3.65685372481496,
      "count": 112,