{
  "cfd": "NAS100",
  "etfSym": "SPX",
  "buckets": {
    "11_mid": {
      "mean": 3.6418561472082294,
      "median": 3.651184822597553,
      "std": 0.06473562062409119,
      "count": 624,
      "p25": 3.6023381480150607,
      "p75": 3.690985472022224
    },
    "12_mid": {
      "mean": 3.644022009799731,
      "median": 3.649872025353649,
      "std": 0.06637268526963501,
      "count": 695,
      "p25": 3.600486235218819,
      "p75": 3.6919230481323453
    },
    "13_mid": {
      "mean": 3.6457740273253525,
      "median": 3.651603977461685,
      "std": 0.06795586873415199,
      "count": 742,
      "p25": 3.6034073153937323,
      "p75": 3.6955224617597997
    },
    "14_mid": {
      "mean": 3.646635379257385,
      "median": 3.6539496330688808,
      "std": 0.0699935374386803,
      "count": 777,
      "p25": 3.6061399863310117,
      "p75": 3.695042200083818
    },
    "15_mid": {
      "mean": 3.648260359583257,
      "median": 3.653147045402588,
      "std": 0.07179361084187648,
      "count": 782,
      "p25": 3.605000651706456,
      "p75": 3.7000983588101883
    },
    "16_mid": {
      "mean": 3.6478766365222284,
      "median": 3.65299018661869,
      "std": 0.07145839364782725,
      "count": 784,
      "p25": 3.6037132853285607,
      "p75": 3.697151096903603
    },
    "17_mid": {
      "mean": 3.6480759938799707,
      "median": 3.6541773670104525,
      "std": 0.06837519921777406,
      "count": 776,
      "p25": 3.6030686134534124,
      "p75": 3.6968419484582156
    },
    "18_mid": {
      "mean": 3.647797446689874,
      "median": 3.6559204013536926,
      "std": 0.06777933578207859,
      "count": 761,
      "p25": 3.6088827910593375,
      "p75": 3.69996551402255
    },
    "19_mid": {
      "mean": 3.647316846710345,
      "median": 3.6513327988508943,
      "std": 0.06873202522097425,
      "count": 756,
      "p25": 3.6059585113523522,
      "p75": 3.6974243796023276
    },
    "20_mid": {
      "mean": 3.6465009491779434,
      "median": 3.651976602677345,
      "std": 0.06916097389064683,
      "count": 756,
      "p25": 3.6039914108879625,
      "p75": 3.697276180141074
    },
    "21_mid": {
      "mean": 3.644982207624045,
      "median": 3.6487880913412827,
      "std": 0.0704371487124981,
      "count": 622,
      "p25": 3.5918617203228806,
      "p75": 3.698007713885299
    },
    "22_mid": {
      "mean": 3.647142936633246,
      "median": 3.649792958895652,
      "std": 0.06763333740490556,
      "count": 573,
      "p25": 3.6102245708732292,
      "p75": 3.696485230656965
    },
    "23_mid": {
      "mean": 3.6481794746459086,
      "median": 3.652379389563505,
      "std": 0.06813649320023397,
      "count": 628,
      "p25": 3.6070387878505614,
      "p75": 3.6951832151300237
    },
    "4_mid": {
      "mean": 3.6628151290808244,
      "median": 3.659024728449272,
      "std": 0.040175031452886395,
      "count": 121,
      "p25": 3.6398696436770175,
      "p75": 3.6929928521194335
    },
    "5_mid": {
      "mean": 3.653984744836264,
      "median": 3.65670973569493,
      "std": 0.048714332113380145,
      "count": 181,
      "p25": 3.629430688041319,
      "p75": 3.6952774622091633
    },
    "6_mid": {
      "mean": 3.6560741798616894,
      "median": 3.655413056036973,
      "std": 0.05205899681762678,
      "count": 247,
      "p25": 3.63094915385509,
      "p75": 3.6939634902243577
    },
    "7_mid": {
      "mean": 3.65074881179674,
      "median": 3.6549149690177494,
      "std": 0.05857665038321633,
      "count": 319,
      "p25": 3.6195833574041,
      "p75": 3.6916078505872925
    },
    "8_mid": {
      "mean": 3.648690884548039,
      "median": 3.6550600690447377,
      "std": 0.06002507174219868,
      "count": 381,
      "p25": 3.6173317218754697,
      "p75": 3.691594781646225
    },
    "9_mid": {
      "mean": 3.647339228033299,
      "median": 3.6543648027724016,
      "std": 0.0620093060369159,
      "count": 471,
      "p25": 3.6112950988484673,
      "p75": 3.6951840379655856
    },
    "10_mid": {
      "mean": 3.6435787701483107,
      "median": 3.6509950394925994,
      "std": 0.06472202164767701,
      "count": 554,
      "p25": 3.602599647188365,
      "p75": 3.6916360281533205
    },
    "4_low": {
      "mean": 3.6574475024874875,
      "median": 3.6506592211771025,
      "std": 0.03301376888760216,
      "count": 31,
      "p25": 3.641283634777563,
      "p75": 3.6910551454624403
    },
    "5_low": {
      "mean": 3.6632491210789047,
      "median": 3.678897689052837,
      "std": 0.03956810789743007,
      "count": 79,
      "p25": 3.6353959514554846,
      "p75": 3.6989381851253818
    },
    "6_low": {
      "mean": 3.665956717057563,
      "median": 3.6815548826465747,
      "std": 0.03886528389597706,
      "count": 91,
      "p25": 3.6361950128102527,
      "p75": 3.701432368576491
    },
    "7_low": {
      "mean": 3.6678237898320405,
      "median": 3.686499765181894,
      "std": 0.03714140141897168,
      "count": 103,
      "p25": 3.6401430904424914,
      "p75": 3.699137741909574
    },
    "8_low": {
      "mean": 3.667761838853704,
      "median": 3.686466226907808,
      "std": 0.036314705670030624,
      "count": 107,
      "p25": 3.6417159716620024,
      "p75": 3.6962954915806625
    },
    "9_low": {
      "mean": 3.6669018943432286,
      "median": 3.685135873584797,
      "std": 0.036369461801127066,
      "count": 108,
      "p25": 3.641273667431282,
      "p75": 3.6954354746150093
    },
    "10_low": {
      "mean": 3.666772194417973,
      "median": 3.6833663486277333,
      "std": 0.0363417391202507,
      "count": 108,
      "p25": 3.638937944098746,
      "p75": 3.697589275214613
    },
    "11_low": {
      "mean": 3.668356776507347,
      "median": 3.681486364228169,
      "std": 0.036085332531743675,
      "count": 108,
      "p25": 3.6389326720629254,
      "p75": 3.7004636337293535
    },
    "12_low": {
      "mean": 3.66989565743883,
      "median": 3.6839718427688064,
      "std": 0.03757900347391972,
      "count": 112,
      "p25": 3.6395741042978162,
      "p75": 3.701358320214621
    },
    "13_low": {
      "mean": 3.669792188386986,
      "median": 3.680779908742211,
      "std": 0.038006540117144196,
      "count": 112,
      "p25": 3.6424777397578416,
      "p75": 3.7007805028779277
    },
    "14_low": {
      "mean": 3.6669113687318964,
      "median": 3.6810194477031133,
      "std": 0.0407591567822486,
      "count": 112,
      "p25": 3.6376239855156918,
      "p75": 3.698858030315798
    },
    "15_low": {
      "mean": 3.665512236874688,
      "median": 3.6767170827432785,
      "std": 0.042100020750607266,
      "count": 112,
      "p25": 3.6355634080696,
      "p75": 3.698836379261354
    },
    "16_low": {
      "mean": 3.6658695759143782,
      "median": 3.6783061864709037,
      "std": 0.04181304444311211,
      "count": 112,
      "p25": 3.634478746458324,
      "p75": 3.697513060426814
    },
    "17_low": {
      "mean": 3.6673004612823754,
      "median": 3.6798648445949684,
      "std": 0.035859163627896186,
      "count": 112,
      "p25": 3.6402080282374296,
      "p75": 3.69515364978542
    },
    "18_low": {
      "mean": 3.6682508526131956,
      "median": 3.685206789469339,
      "std": 0.033650751011753466,
      "count": 107,
      "p25": 3.64221366446234,
      "p75": 3.6957128157189345
    },
    "19_low": {
      "mean": 3.6679760771403114,
      "median": 3.681037893255133,
      "std": 0.033867482372883624,
      "count": 104,
      "p25": 3.645079382308704,
      "p75": 3.6937180778459413
    },
    "20_low": {
      "mean": 3.6697831794233418,
      "median": 3.6812377446275732,
      "std": 0.0345892418259299,
      "count": 104,
      "p25": 3.6463560514657445,
      "p75": 3.6973301599425454
    },
    "21_low": {
      "mean": 3.6743955008931066,
      "median": 3.688752155096955,
      "std": 0.03753628381241128,
      "count": 86,
      "p25": 3.647649564996506,